caseid,gender,age,vote20jb
1,Male,50,Joe Biden
2,Male,77,Donald Trump
3,Female,65,Joe Biden
4,Male,40,Donald Trump
5,Female,79,Donald Trump
6,Male,77,Joe Biden
7,Female,19,Joe Biden
8,Female,25,Joe Biden
9,Male,20,Donald Trump
10,Male,39,Joe Biden
11,Female,75,Donald Trump
12,Male,72,Donald Trump
13,Female,25,Joe Biden
14,Male,69,Donald Trump
15,Female,51,Joe Biden
18,Male,65,Donald Trump
19,Male,82,Donald Trump
20,Female,40,Joe Biden
21,Female,65,Joe Biden
22,Male,69,Donald Trump
23,Female,72,Donald Trump
24,Male,72,Joe Biden
25,Male,76,Joe Biden
26,Female,39,Donald Trump
27,Female,66,Donald Trump
28,Female,75,Joe Biden
29,Male,68,Donald Trump
30,Female,38,Donald Trump
31,Female,79,Joe Biden
32,Female,81,Joe Biden
33,Male,54,Joe Biden
34,Male,75,Donald Trump
35,Female,74,Joe Biden
36,Female,75,Donald Trump
37,Male,79,Donald Trump
38,Male,83,Donald Trump
39,Male,74,Joe Biden
40,Male,66,Someone Else
41,Male,76,Joe Biden
42,Male,72,Donald Trump
43,Male,79,Donald Trump
44,Male,82,Donald Trump
45,Male,62,Donald Trump
46,Male,78,Donald Trump
47,Female,70,Donald Trump
48,Female,73,Donald Trump
49,Male,63,Joe Biden
50,Female,69,Joe Biden
51,Male,74,Donald Trump
52,Male,75,Someone Else
54,Male,69,Someone Else
55,Male,74,Donald Trump
56,Male,67,Donald Trump
57,Female,62,Donald Trump
58,Male,65,Donald Trump
59,Female,75,Joe Biden
60,Female,77,Joe Biden
61,Male,69,Donald Trump
63,Female,73,Someone Else
64,Female,89,Joe Biden
65,Female,84,Donald Trump
66,Female,67,Joe Biden
67,Female,70,Donald Trump
68,Female,80,Donald Trump
69,Female,71,Donald Trump
70,Female,77,Donald Trump
71,Female,75,Donald Trump
72,Male,29,Someone Else
73,Female,69,Joe Biden
74,Male,72,Donald Trump
75,Female,74,Donald Trump
76,Male,74,Joe Biden
77,Female,48,Donald Trump
80,Female,66,Donald Trump
81,Female,81,Donald Trump
82,Female,51,Joe Biden
83,Male,29,Donald Trump
84,Female,27,Joe Biden
85,Female,39,Someone Else
86,Female,32,Someone Else
87,Male,71,Joe Biden
88,Male,70,Donald Trump
89,Female,32,Joe Biden
90,Male,73,Joe Biden
92,Male,76,Donald Trump
93,Male,71,Donald Trump
95,Female,72,Joe Biden
96,Female,79,Someone Else
99,Male,68,Joe Biden
101,Female,66,Someone Else
102,Female,27,Someone Else
103,Male,71,Joe Biden
104,Female,68,Joe Biden
105,Female,73,Donald Trump
106,Female,23,Joe Biden
107,Female,74,Someone Else
108,Female,76,Joe Biden
109,Male,66,Joe Biden
110,Female,67,Joe Biden
111,Female,62,Donald Trump
112,Female,66,Joe Biden
113,Female,69,Donald Trump
114,Male,77,Joe Biden
115,Male,62,Someone Else
116,Male,65,Joe Biden
117,Male,60,Donald Trump
118,Male,70,Joe Biden
119,Male,72,Joe Biden
120,Male,74,Someone Else
121,Female,89,Donald Trump
122,Female,69,Donald Trump
123,Female,67,Joe Biden
124,Male,62,Someone Else
125,Male,61,Donald Trump
126,Male,40,Joe Biden
127,Female,29,Donald Trump
128,Male,73,Joe Biden
129,Male,63,Donald Trump
130,Female,42,Joe Biden
131,Male,72,Someone Else
132,Male,70,Donald Trump
133,Female,66,Donald Trump
134,Female,73,Donald Trump
135,Male,73,Donald Trump
136,Male,67,Donald Trump
137,Male,70,Donald Trump
138,Male,66,Joe Biden
139,Female,23,Joe Biden
140,Male,79,Joe Biden
141,Female,74,Joe Biden
142,Female,69,Joe Biden
143,Male,72,Donald Trump
144,Male,79,Donald Trump
145,Female,81,Joe Biden
146,Male,74,Donald Trump
147,Female,75,Someone Else
148,Male,76,Donald Trump
149,Male,80,Donald Trump
150,Male,72,Joe Biden
151,Female,71,Joe Biden
152,Male,70,Joe Biden
153,Male,50,Donald Trump
154,Male,68,Joe Biden
155,Male,66,Donald Trump
156,Female,47,Donald Trump
157,Female,45,Joe Biden
158,Male,66,Someone Else
159,Male,61,Donald Trump
160,Male,78,Donald Trump
161,Female,67,Donald Trump
162,Male,78,Donald Trump
163,Female,66,Donald Trump
164,Male,64,Donald Trump
165,Female,47,Someone Else
167,Male,59,Donald Trump
168,Male,77,Joe Biden
169,Female,71,Donald Trump
170,Female,70,Joe Biden
171,Male,76,Donald Trump
172,Male,70,Joe Biden
174,Male,53,Joe Biden
175,Male,55,Donald Trump
176,Male,83,Joe Biden
178,Female,72,Donald Trump
179,Male,80,Joe Biden
180,Male,66,Joe Biden
181,Female,76,Donald Trump
182,Male,71,Donald Trump
183,Male,74,Donald Trump
184,Female,75,Donald Trump
185,Male,75,Donald Trump
186,Male,65,Someone Else
187,Male,73,Joe Biden
188,Male,81,Donald Trump
189,Female,69,Donald Trump
190,Female,55,Joe Biden
191,Male,45,Donald Trump
192,Female,76,Donald Trump
193,Male,43,Donald Trump
194,Female,54,Joe Biden
195,Female,24,Joe Biden
196,Male,64,Joe Biden
197,Male,59,Joe Biden
198,Female,57,Joe Biden
199,Male,63,Joe Biden
200,Female,55,Joe Biden
201,Male,34,Joe Biden
202,Female,53,Donald Trump
203,Male,61,Donald Trump
204,Male,51,Joe Biden
205,Female,71,Joe Biden
206,Female,60,Joe Biden
207,Female,30,Joe Biden
208,Male,38,Joe Biden
209,Female,29,Joe Biden
210,Female,30,Donald Trump
211,Female,54,Donald Trump
212,Female,55,Donald Trump
213,Male,62,Donald Trump
214,Female,46,Donald Trump
215,Female,31,Joe Biden
216,Male,57,Donald Trump
217,Male,58,Joe Biden
218,Female,20,Joe Biden
219,Female,64,Donald Trump
220,Male,60,Donald Trump
221,Female,35,Donald Trump
222,Male,81,Joe Biden
223,Male,67,Donald Trump
224,Male,55,Donald Trump
225,Female,39,Joe Biden
226,Female,39,Joe Biden
227,Male,74,Joe Biden
228,Male,69,Joe Biden
229,Male,70,Joe Biden
230,Male,59,Donald Trump
231,Female,27,Donald Trump
232,Male,69,Donald Trump
233,Female,69,Joe Biden
236,Female,66,Donald Trump
237,Female,55,Donald Trump
238,Male,83,Donald Trump
239,Male,69,Donald Trump
240,Female,58,Joe Biden
242,Female,41,Someone Else
243,Male,63,Donald Trump
245,Male,36,Joe Biden
246,Male,27,Donald Trump
247,Female,68,Someone Else
248,Female,49,Donald Trump
250,Female,64,Donald Trump
251,Male,64,Donald Trump
252,Male,33,Joe Biden
253,Male,55,Joe Biden
254,Female,46,Joe Biden
255,Female,62,Donald Trump
256,Male,83,Donald Trump
257,Male,64,Donald Trump
258,Female,42,Someone Else
259,Female,54,Joe Biden
260,Female,61,Joe Biden
261,Female,19,Someone Else
262,Female,71,Donald Trump
263,Male,60,Joe Biden
264,Male,79,Donald Trump
265,Male,71,Joe Biden
266,Female,57,Donald Trump
267,Female,53,Joe Biden
268,Female,60,Donald Trump
269,Male,52,Joe Biden
270,Female,64,Joe Biden
272,Male,58,Donald Trump
273,Female,60,Donald Trump
274,Male,62,Donald Trump
275,Female,31,Donald Trump
276,Female,60,Joe Biden
277,Female,66,Joe Biden
278,Female,61,Donald Trump
279,Female,35,Donald Trump
280,Female,62,Joe Biden
281,Male,72,Donald Trump
282,Female,36,Joe Biden
283,Male,59,Someone Else
284,Female,58,Donald Trump
286,Female,62,Joe Biden
287,Female,37,Joe Biden
288,Female,51,Donald Trump
289,Female,61,Joe Biden
290,Male,59,Joe Biden
291,Female,49,Donald Trump
292,Female,68,Joe Biden
293,Female,65,Someone Else
294,Male,57,Donald Trump
295,Male,59,Donald Trump
296,Male,64,Joe Biden
297,Female,72,Donald Trump
298,Male,76,Donald Trump
299,Male,68,Donald Trump
300,Male,78,Donald Trump
301,Male,76,Joe Biden
302,Male,85,Donald Trump
303,Female,30,Joe Biden
304,Female,59,Donald Trump
305,Female,53,Donald Trump
306,Male,40,Joe Biden
308,Female,48,Joe Biden
309,Female,62,Joe Biden
311,Female,46,Donald Trump
312,Female,62,Joe Biden
313,Male,63,Joe Biden
314,Male,61,Donald Trump
315,Male,60,Joe Biden
316,Male,63,Donald Trump
317,Male,63,Donald Trump
318,Female,51,Joe Biden
319,Male,63,Donald Trump
320,Female,63,Donald Trump
321,Female,55,Donald Trump
322,Male,57,Donald Trump
323,Female,62,Joe Biden
324,Male,49,Donald Trump
325,Male,61,Donald Trump
326,Male,76,Joe Biden
327,Female,66,Donald Trump
328,Male,73,Someone Else
329,Female,69,Joe Biden
330,Male,71,Joe Biden
331,Female,77,Donald Trump
332,Male,71,Donald Trump
333,Female,58,Joe Biden
334,Male,77,Joe Biden
335,Male,80,Donald Trump
336,Female,87,Joe Biden
337,Male,69,Joe Biden
338,Female,76,Joe Biden
339,Male,61,Donald Trump
340,Female,71,Joe Biden
341,Female,73,Joe Biden
342,Female,72,Joe Biden
343,Male,67,Joe Biden
344,Male,71,Donald Trump
345,Male,81,Donald Trump
346,Male,73,Donald Trump
347,Female,69,Donald Trump
348,Male,70,Joe Biden
349,Female,84,Joe Biden
350,Male,79,Donald Trump
351,Female,43,Joe Biden
352,Female,69,Donald Trump
353,Female,66,Donald Trump
354,Male,60,Joe Biden
355,Female,69,Someone Else
356,Female,62,Joe Biden
357,Female,60,Donald Trump
358,Male,67,Joe Biden
359,Male,70,Donald Trump
360,Female,77,Donald Trump
361,Male,68,Donald Trump
362,Female,82,Joe Biden
363,Male,71,Donald Trump
364,Male,69,Donald Trump
365,Female,68,Someone Else
366,Female,64,Someone Else
367,Male,71,Joe Biden
368,Female,81,Joe Biden
369,Male,60,Donald Trump
370,Female,58,Joe Biden
371,Female,65,Donald Trump
372,Female,70,Someone Else
373,Male,36,Donald Trump
374,Male,72,Joe Biden
375,Male,75,Joe Biden
376,Female,83,Donald Trump
377,Male,66,Joe Biden
378,Male,78,Donald Trump
379,Male,33,Joe Biden
380,Male,60,Donald Trump
381,Female,73,Joe Biden
382,Female,51,Donald Trump
383,Female,74,Joe Biden
384,Male,53,Donald Trump
385,Male,76,Donald Trump
386,Female,70,Joe Biden
387,Female,79,Joe Biden
388,Female,76,Joe Biden
389,Male,42,Joe Biden
390,Female,72,Joe Biden
391,Male,66,Donald Trump
392,Male,62,Donald Trump
393,Female,58,Donald Trump
394,Male,84,Donald Trump
395,Male,67,Joe Biden
396,Female,72,Donald Trump
397,Male,72,Donald Trump
398,Male,66,Joe Biden
399,Male,71,Joe Biden
400,Female,85,Donald Trump
401,Female,80,Donald Trump
402,Female,68,Joe Biden
403,Female,78,Joe Biden
404,Male,77,Donald Trump
405,Female,66,Joe Biden
407,Female,70,Donald Trump
408,Male,68,Donald Trump
409,Male,64,Joe Biden
410,Female,68,Joe Biden
411,Male,63,Donald Trump
412,Male,89,Donald Trump
413,Male,49,Donald Trump
414,Female,65,Joe Biden
415,Male,31,Donald Trump
416,Male,51,Donald Trump
417,Female,61,Someone Else
418,Male,32,Donald Trump
419,Female,58,Joe Biden
420,Female,59,Joe Biden
422,Male,55,Donald Trump
423,Male,60,Joe Biden
424,Male,35,Joe Biden
425,Male,73,Joe Biden
426,Male,55,Donald Trump
427,Male,58,Joe Biden
428,Female,67,Joe Biden
429,Male,62,Donald Trump
430,Female,60,Joe Biden
432,Male,57,Donald Trump
433,Male,62,Joe Biden
434,Male,47,Joe Biden
435,Female,59,Joe Biden
436,Female,37,Joe Biden
437,Male,54,Donald Trump
438,Female,69,Donald Trump
439,Female,39,Donald Trump
440,Female,61,Donald Trump
441,Male,59,Joe Biden
442,Female,64,Donald Trump
443,Male,47,Donald Trump
444,Male,59,Joe Biden
445,Female,52,Joe Biden
446,Male,64,Joe Biden
447,Male,57,Donald Trump
448,Female,61,Donald Trump
449,Male,62,Donald Trump
450,Female,29,Someone Else
452,Female,60,Someone Else
453,Male,53,Donald Trump
454,Male,58,Donald Trump
455,Female,24,Joe Biden
456,Female,40,Donald Trump
457,Female,57,Joe Biden
458,Female,62,Donald Trump
459,Male,64,Donald Trump
460,Female,71,Joe Biden
461,Female,59,Joe Biden
462,Female,64,Joe Biden
463,Female,33,Joe Biden
464,Female,52,Donald Trump
465,Female,63,Joe Biden
466,Male,74,Donald Trump
467,Male,77,Donald Trump
468,Male,81,Donald Trump
469,Female,55,Joe Biden
470,Female,64,Someone Else
471,Male,57,Someone Else
472,Male,61,Joe Biden
473,Female,61,Donald Trump
474,Female,61,Donald Trump
475,Female,59,Joe Biden
476,Female,48,Donald Trump
477,Female,73,Joe Biden
478,Female,54,Joe Biden
479,Female,44,Joe Biden
480,Male,37,Joe Biden
481,Male,63,Donald Trump
482,Female,63,Joe Biden
483,Male,65,Donald Trump
484,Male,66,Donald Trump
485,Male,72,Joe Biden
486,Female,60,Donald Trump
487,Male,60,Donald Trump
489,Female,58,Someone Else
490,Male,53,Donald Trump
491,Female,65,Donald Trump
492,Male,46,Joe Biden
493,Female,63,Donald Trump
494,Male,63,Donald Trump
495,Female,55,Donald Trump
497,Female,41,Donald Trump
498,Male,36,Someone Else
499,Male,58,Donald Trump
500,Male,52,Joe Biden
501,Male,68,Joe Biden
502,Female,48,Joe Biden
503,Male,55,Joe Biden
504,Female,54,Donald Trump
505,Male,53,Donald Trump
506,Male,64,Donald Trump
507,Female,60,Joe Biden
508,Male,58,Joe Biden
509,Female,59,Joe Biden
510,Male,59,Donald Trump
511,Male,43,Someone Else
512,Female,45,Someone Else
513,Female,35,Someone Else
514,Female,64,Donald Trump
517,Female,60,Donald Trump
518,Female,83,Donald Trump
519,Female,64,Joe Biden
520,Female,38,Joe Biden
521,Female,83,Joe Biden
522,Male,66,Donald Trump
523,Male,19,Donald Trump
524,Female,61,Joe Biden
525,Female,44,Someone Else
526,Female,56,Joe Biden
527,Male,50,Donald Trump
528,Female,61,Donald Trump
529,Female,36,Joe Biden
531,Female,53,Joe Biden
532,Male,62,Donald Trump
533,Female,64,Joe Biden
534,Female,60,Donald Trump
535,Male,28,Someone Else
536,Female,59,Joe Biden
537,Female,64,Joe Biden
538,Female,44,Donald Trump
539,Female,73,Joe Biden
540,Male,61,Donald Trump
543,Female,30,Joe Biden
544,Female,60,Joe Biden
545,Female,61,Donald Trump
546,Male,30,Joe Biden
547,Male,57,Donald Trump
548,Female,63,Joe Biden
549,Male,63,Donald Trump
550,Male,65,Joe Biden
551,Female,62,Joe Biden
552,Male,52,Donald Trump
553,Female,57,Donald Trump
554,Female,58,Joe Biden
555,Male,34,Donald Trump
556,Female,59,Someone Else
557,Male,60,Donald Trump
559,Male,62,Donald Trump
560,Female,62,Donald Trump
561,Male,64,Someone Else
563,Female,53,Joe Biden
564,Male,51,Donald Trump
565,Male,69,Donald Trump
566,Female,52,Donald Trump
567,Female,49,Donald Trump
568,Female,64,Joe Biden
569,Male,65,Joe Biden
570,Female,43,Donald Trump
571,Female,60,Donald Trump
572,Female,62,Someone Else
573,Female,48,Joe Biden
574,Male,81,Donald Trump
575,Female,51,Joe Biden
576,Male,61,Joe Biden
577,Female,54,Joe Biden
579,Male,56,Donald Trump
580,Male,89,Donald Trump
581,Male,67,Joe Biden
582,Male,72,Someone Else
583,Male,83,Donald Trump
584,Male,85,Donald Trump
585,Male,77,Donald Trump
586,Female,64,Donald Trump
587,Female,39,Joe Biden
588,Male,61,Donald Trump
589,Male,62,Joe Biden
590,Female,78,Donald Trump
591,Female,62,Someone Else
592,Male,59,Joe Biden
593,Female,56,Donald Trump
594,Female,64,Donald Trump
595,Female,66,Donald Trump
596,Male,46,Joe Biden
597,Male,62,Joe Biden
598,Male,60,Donald Trump
599,Male,41,Donald Trump
600,Female,56,Joe Biden
601,Female,62,Donald Trump
602,Female,54,Joe Biden
603,Female,43,Donald Trump
604,Male,29,Donald Trump
606,Female,73,Joe Biden
607,Female,58,Someone Else
608,Male,49,Donald Trump
609,Male,51,Donald Trump
610,Female,28,Joe Biden
611,Male,60,Joe Biden
612,Female,63,Joe Biden
613,Female,63,Joe Biden
614,Male,55,Donald Trump
615,Male,57,Joe Biden
616,Female,64,Joe Biden
617,Female,27,Donald Trump
618,Female,37,Someone Else
619,Male,63,Donald Trump
620,Female,44,Donald Trump
621,Male,63,Donald Trump
622,Female,55,Donald Trump
623,Male,64,Donald Trump
624,Male,64,Donald Trump
626,Female,64,Joe Biden
627,Female,64,Donald Trump
628,Female,55,Joe Biden
629,Male,60,Joe Biden
630,Female,61,Donald Trump
631,Male,40,Joe Biden
632,Female,65,Donald Trump
633,Male,62,Donald Trump
634,Male,67,Donald Trump
635,Male,40,Joe Biden
636,Female,48,Joe Biden
637,Male,64,Donald Trump
638,Male,65,Donald Trump
639,Female,40,Donald Trump
640,Male,63,Joe Biden
641,Female,64,Joe Biden
642,Female,60,Someone Else
643,Male,30,Someone Else
644,Male,76,Donald Trump
645,Female,49,Donald Trump
646,Male,86,Donald Trump
647,Male,58,Donald Trump
648,Female,62,Donald Trump
649,Male,58,Donald Trump
650,Male,64,Joe Biden
651,Male,64,Donald Trump
652,Male,75,Donald Trump
653,Male,39,Joe Biden
654,Male,80,Donald Trump
655,Female,39,Joe Biden
656,Female,58,Donald Trump
657,Male,64,Donald Trump
658,Male,61,Donald Trump
659,Male,76,Joe Biden
660,Female,58,Joe Biden
661,Male,37,Donald Trump
662,Male,46,Someone Else
663,Male,56,Donald Trump
664,Female,65,Donald Trump
665,Female,55,Donald Trump
666,Female,60,Someone Else
667,Male,35,Joe Biden
668,Male,62,Donald Trump
670,Female,63,Donald Trump
671,Male,62,Joe Biden
672,Male,51,Donald Trump
673,Male,62,Someone Else
674,Male,35,Donald Trump
675,Female,29,Donald Trump
676,Female,64,Donald Trump
677,Female,37,Donald Trump
678,Female,69,Donald Trump
679,Male,51,Donald Trump
680,Male,37,Joe Biden
681,Female,58,Joe Biden
682,Male,80,Donald Trump
683,Female,35,Donald Trump
684,Female,58,Joe Biden
685,Female,60,Joe Biden
686,Male,60,Donald Trump
688,Male,56,Donald Trump
690,Male,61,Joe Biden
691,Female,62,Joe Biden
692,Male,58,Joe Biden
693,Female,62,Donald Trump
695,Female,52,Joe Biden
696,Female,73,Joe Biden
697,Male,62,Joe Biden
698,Female,56,Joe Biden
699,Male,41,Joe Biden
700,Female,49,Joe Biden
701,Female,50,Donald Trump
702,Female,69,Donald Trump
703,Female,63,Joe Biden
705,Female,54,Someone Else
706,Female,62,Donald Trump
707,Male,56,Donald Trump
708,Male,49,Someone Else
710,Female,56,Donald Trump
711,Female,27,Donald Trump
712,Female,58,Joe Biden
714,Female,39,Joe Biden
715,Male,49,Donald Trump
716,Female,54,Joe Biden
717,Female,52,Joe Biden
718,Female,56,Joe Biden
719,Male,58,Joe Biden
720,Female,59,Joe Biden
722,Male,40,Someone Else
723,Male,36,Joe Biden
724,Female,63,Donald Trump
725,Female,63,Donald Trump
726,Female,39,Donald Trump
727,Male,55,Donald Trump
728,Female,58,Someone Else
729,Male,56,Donald Trump
730,Male,63,Donald Trump
731,Male,35,Donald Trump
732,Female,62,Donald Trump
733,Female,31,Donald Trump
734,Female,28,Joe Biden
735,Male,34,Joe Biden
736,Male,39,Joe Biden
737,Male,64,Joe Biden
738,Male,62,Donald Trump
739,Female,63,Joe Biden
740,Female,59,Joe Biden
741,Female,62,Joe Biden
742,Male,62,Joe Biden
743,Male,60,Joe Biden
744,Female,60,Donald Trump
745,Female,60,Joe Biden
746,Female,31,Joe Biden
747,Male,49,Joe Biden
748,Female,65,Joe Biden
749,Female,60,Joe Biden
750,Female,54,Joe Biden
751,Female,62,Donald Trump
752,Female,60,Donald Trump
753,Female,61,Donald Trump
754,Female,60,Donald Trump
755,Female,68,Donald Trump
756,Male,55,Donald Trump
757,Male,54,Joe Biden
758,Female,56,Someone Else
759,Female,61,Donald Trump
760,Female,56,Joe Biden
761,Male,54,Joe Biden
762,Male,61,Donald Trump
763,Female,54,Donald Trump
764,Female,58,Donald Trump
765,Female,24,Joe Biden
766,Male,35,Donald Trump
767,Male,57,Someone Else
768,Female,62,Joe Biden
769,Female,71,Donald Trump
770,Male,67,Donald Trump
771,Male,75,Joe Biden
773,Female,63,Someone Else
774,Female,34,Joe Biden
775,Male,57,Donald Trump
776,Male,50,Someone Else
777,Female,42,Donald Trump
778,Male,56,Donald Trump
779,Male,61,Donald Trump
780,Female,68,Joe Biden
781,Male,65,Donald Trump
782,Female,64,Joe Biden
783,Female,63,Donald Trump
784,Male,63,Donald Trump
785,Male,27,Joe Biden
786,Female,55,Donald Trump
787,Male,63,Joe Biden
788,Male,64,Joe Biden
789,Male,63,Donald Trump
790,Male,43,Someone Else
791,Male,56,Donald Trump
792,Female,54,Joe Biden
793,Male,56,Donald Trump
794,Female,23,Joe Biden
795,Male,62,Donald Trump
797,Male,62,Someone Else
798,Male,48,Someone Else
800,Female,62,Joe Biden
802,Female,61,Joe Biden
803,Male,61,Donald Trump
804,Female,71,Joe Biden
805,Female,46,Joe Biden
806,Male,43,Donald Trump
807,Female,57,Joe Biden
808,Male,71,Donald Trump
809,Male,72,Donald Trump
811,Female,30,Donald Trump
813,Female,52,Donald Trump
815,Female,31,Donald Trump
816,Female,61,Donald Trump
817,Male,62,Joe Biden
818,Male,64,Donald Trump
819,Male,63,Donald Trump
820,Female,59,Donald Trump
821,Female,64,Joe Biden
822,Female,64,Donald Trump
823,Female,60,Joe Biden
824,Male,56,Donald Trump
825,Female,83,Donald Trump
826,Female,66,Joe Biden
827,Male,66,Donald Trump
828,Male,37,Someone Else
829,Female,63,Joe Biden
830,Male,55,Donald Trump
831,Female,58,Donald Trump
833,Female,60,Joe Biden
834,Female,66,Donald Trump
835,Male,56,Joe Biden
836,Female,55,Donald Trump
837,Male,66,Donald Trump
838,Male,51,Donald Trump
839,Female,41,Joe Biden
840,Male,72,Donald Trump
841,Female,74,Joe Biden
842,Male,73,Donald Trump
843,Male,67,Donald Trump
844,Female,55,Joe Biden
845,Male,62,Donald Trump
846,Female,40,Someone Else
847,Female,59,Donald Trump
848,Male,66,Donald Trump
849,Female,32,Donald Trump
850,Female,65,Joe Biden
851,Female,73,Donald Trump
852,Male,80,Someone Else
853,Female,59,Joe Biden
854,Female,47,Donald Trump
855,Male,60,Donald Trump
856,Male,29,Joe Biden
857,Female,65,Donald Trump
858,Male,77,Joe Biden
859,Male,54,Joe Biden
860,Female,61,Joe Biden
861,Female,72,Joe Biden
862,Male,37,Donald Trump
863,Female,42,Joe Biden
864,Male,58,Donald Trump
865,Female,29,Joe Biden
866,Female,52,Donald Trump
867,Female,74,Donald Trump
868,Female,74,Donald Trump
869,Male,75,Joe Biden
870,Male,60,Donald Trump
871,Male,55,Donald Trump
872,Male,51,Joe Biden
873,Female,70,Joe Biden
874,Male,76,Donald Trump
875,Female,30,Joe Biden
876,Male,71,Joe Biden
878,Male,70,Donald Trump
879,Female,65,Donald Trump
880,Female,31,Joe Biden
881,Female,81,Joe Biden
882,Female,56,Joe Biden
883,Female,77,Joe Biden
884,Male,30,Joe Biden
885,Female,72,Donald Trump
886,Female,59,Someone Else
887,Male,65,Joe Biden
889,Female,47,Donald Trump
890,Male,60,Donald Trump
891,Female,60,Joe Biden
892,Male,61,Joe Biden
893,Male,56,Joe Biden
894,Male,62,Joe Biden
895,Male,53,Joe Biden
896,Male,60,Joe Biden
897,Male,62,Donald Trump
898,Female,55,Joe Biden
899,Male,71,Joe Biden
900,Female,64,Joe Biden
901,Female,58,Joe Biden
902,Male,67,Joe Biden
903,Female,67,Donald Trump
904,Female,69,Joe Biden
905,Female,48,Donald Trump
906,Female,61,Donald Trump
907,Male,58,Donald Trump
908,Female,43,Joe Biden
909,Female,63,Donald Trump
910,Female,56,Joe Biden
911,Male,65,Donald Trump
912,Male,63,Donald Trump
913,Female,59,Joe Biden
914,Female,75,Joe Biden
915,Male,64,Joe Biden
916,Female,53,Joe Biden
917,Female,55,Joe Biden
918,Male,56,Someone Else
919,Female,63,Donald Trump
920,Male,78,Joe Biden
921,Female,62,Donald Trump
922,Male,66,Donald Trump
923,Male,65,Donald Trump
924,Female,45,Someone Else
925,Male,62,Donald Trump
926,Female,60,Donald Trump
927,Male,32,Joe Biden
928,Male,62,Joe Biden
929,Female,69,Donald Trump
930,Female,39,Joe Biden
931,Female,56,Donald Trump
932,Female,61,Donald Trump
933,Male,39,Joe Biden
935,Female,47,Joe Biden
936,Male,55,Someone Else
937,Female,80,Joe Biden
938,Female,75,Joe Biden
939,Female,35,Joe Biden
940,Female,45,Joe Biden
941,Male,63,Donald Trump
942,Female,54,Donald Trump
943,Female,64,Joe Biden
944,Male,48,Donald Trump
945,Male,62,Joe Biden
946,Female,64,Donald Trump
947,Male,32,Donald Trump
949,Female,56,Donald Trump
950,Male,60,Donald Trump
951,Female,59,Joe Biden
952,Male,72,Joe Biden
953,Male,60,Joe Biden
954,Male,62,Donald Trump
955,Female,64,Donald Trump
956,Male,53,Donald Trump
957,Male,64,Donald Trump
958,Male,58,Joe Biden
959,Male,59,Joe Biden
960,Female,43,Joe Biden
961,Female,65,Donald Trump
962,Male,93,Donald Trump
963,Female,63,Joe Biden
964,Male,62,Joe Biden
965,Male,49,Donald Trump
966,Female,60,Donald Trump
967,Male,62,Donald Trump
968,Female,57,Joe Biden
969,Female,47,Donald Trump
970,Male,53,Joe Biden
971,Male,44,Someone Else
972,Male,61,Joe Biden
973,Female,39,Joe Biden
974,Female,63,Joe Biden
975,Male,57,Joe Biden
976,Male,63,Donald Trump
977,Female,37,Donald Trump
978,Male,62,Donald Trump
979,Male,60,Joe Biden
980,Male,56,Donald Trump
981,Female,31,Joe Biden
982,Male,62,Joe Biden
983,Female,37,Someone Else
984,Male,55,Joe Biden
986,Female,62,Donald Trump
987,Male,43,Joe Biden
989,Male,51,Donald Trump
990,Female,62,Joe Biden
991,Female,61,Joe Biden
992,Female,58,Joe Biden
993,Male,61,Joe Biden
994,Female,56,Donald Trump
995,Female,63,Joe Biden
996,Female,67,Joe Biden
997,Female,70,Donald Trump
998,Male,67,Donald Trump
999,Male,77,Donald Trump
1000,Female,78,Joe Biden
1001,Female,72,Joe Biden
1002,Female,66,Joe Biden
1003,Female,78,Donald Trump
1005,Female,75,Donald Trump
1006,Female,65,Donald Trump
1007,Female,70,Joe Biden
1008,Female,62,Donald Trump
1009,Female,65,Joe Biden
1010,Male,57,Donald Trump
1011,Female,52,Joe Biden
1012,Male,56,Joe Biden
1013,Female,64,Joe Biden
1014,Female,54,Donald Trump
1015,Female,61,Someone Else
1016,Female,64,Donald Trump
1017,Female,64,Joe Biden
1018,Male,61,Joe Biden
1019,Female,58,Donald Trump
1020,Male,62,Donald Trump
1021,Female,55,Joe Biden
1022,Male,25,Joe Biden
1023,Female,61,Joe Biden
1024,Male,68,Donald Trump
1025,Female,60,Someone Else
1026,Male,58,Joe Biden
1027,Female,63,Someone Else
1028,Female,30,Donald Trump
1029,Male,62,Donald Trump
1030,Male,61,Joe Biden
1031,Female,62,Joe Biden
1032,Male,77,Joe Biden
1033,Male,59,Donald Trump
1034,Female,63,Joe Biden
1035,Male,63,Donald Trump
1036,Female,40,Joe Biden
1037,Female,64,Donald Trump
1038,Female,61,Donald Trump
1039,Female,28,Donald Trump
1040,Female,55,Donald Trump
1041,Female,63,Donald Trump
1042,Male,63,Joe Biden
1043,Female,58,Donald Trump
1044,Female,63,Donald Trump
1045,Female,54,Donald Trump
1046,Female,69,Joe Biden
1047,Female,57,Joe Biden
1048,Female,59,Donald Trump
1049,Male,66,Donald Trump
1050,Female,55,Donald Trump
1051,Female,61,Joe Biden
1052,Male,61,Donald Trump
1053,Female,58,Someone Else
1054,Female,37,Joe Biden
1055,Male,25,Donald Trump
1056,Male,62,Donald Trump
1057,Female,41,Donald Trump
1058,Female,58,Donald Trump
1059,Female,64,Someone Else
1060,Male,71,Donald Trump
1061,Male,54,Someone Else
1062,Female,53,Donald Trump
1063,Male,54,Donald Trump
1064,Female,46,Joe Biden
1065,Female,61,Joe Biden
1066,Male,44,Donald Trump
1067,Female,78,Donald Trump
1068,Female,65,Joe Biden
1069,Male,68,Donald Trump
1070,Male,61,Joe Biden
1071,Female,68,Joe Biden
1072,Female,66,Joe Biden
1073,Female,35,Joe Biden
1074,Female,61,Joe Biden
1075,Female,66,Donald Trump
1076,Male,56,Donald Trump
1077,Male,64,Joe Biden
1078,Female,31,Someone Else
1079,Female,62,Donald Trump
1080,Male,63,Donald Trump
1081,Female,70,Donald Trump
1082,Male,58,Donald Trump
1083,Male,60,Joe Biden
1084,Male,64,Donald Trump
1085,Male,57,Joe Biden
1086,Female,61,Donald Trump
1087,Female,52,Joe Biden
1088,Male,62,Joe Biden
1089,Female,64,Joe Biden
1090,Male,63,Donald Trump
1091,Male,60,Joe Biden
1092,Female,61,Donald Trump
1093,Male,54,Joe Biden
1094,Male,63,Donald Trump
1095,Male,56,Donald Trump
1096,Male,41,Joe Biden
1097,Male,55,Someone Else
1098,Female,32,Joe Biden
1099,Male,55,Joe Biden
1100,Male,59,Donald Trump
1101,Male,51,Donald Trump
1102,Female,53,Donald Trump
1103,Male,62,Donald Trump
1104,Female,59,Joe Biden
1106,Male,63,Donald Trump
1107,Male,73,Donald Trump
1108,Female,57,Joe Biden
1109,Male,63,Donald Trump
1110,Male,73,Donald Trump
1111,Female,60,Donald Trump
1112,Female,55,Joe Biden
1113,Female,61,Donald Trump
1114,Male,56,Joe Biden
1115,Male,64,Joe Biden
1116,Male,59,Joe Biden
1117,Female,51,Joe Biden
1118,Male,55,Joe Biden
1119,Female,49,Joe Biden
1120,Male,28,Donald Trump
1121,Male,64,Someone Else
1122,Female,56,Joe Biden
1123,Male,61,Donald Trump
1124,Female,52,Donald Trump
1125,Female,34,Joe Biden
1126,Male,46,Joe Biden
1127,Male,64,Donald Trump
1128,Female,35,Someone Else
1129,Female,56,Joe Biden
1130,Male,62,Donald Trump
1131,Male,60,Joe Biden
1132,Female,38,Joe Biden
1133,Male,62,Donald Trump
1134,Female,56,Donald Trump
1135,Male,49,Donald Trump
1136,Female,74,Joe Biden
1137,Female,61,Donald Trump
1138,Female,65,Joe Biden
1139,Female,73,Joe Biden
1140,Female,57,Donald Trump
1141,Female,63,Joe Biden
1142,Male,50,Donald Trump
1143,Male,63,Joe Biden
1144,Female,49,Donald Trump
1145,Female,74,Joe Biden
1146,Male,62,Donald Trump
1147,Female,62,Joe Biden
1148,Male,56,Donald Trump
1149,Female,60,Donald Trump
1150,Male,64,Donald Trump
1151,Male,62,Donald Trump
1152,Female,62,Joe Biden
1153,Female,51,Donald Trump
1154,Male,58,Joe Biden
1155,Male,61,Joe Biden
1156,Female,73,Donald Trump
1157,Male,64,Donald Trump
1158,Female,60,Donald Trump
1159,Female,54,Donald Trump
1160,Male,62,Joe Biden
1161,Female,62,Joe Biden
1162,Male,62,Joe Biden
1163,Female,65,Donald Trump
1164,Female,60,Donald Trump
1165,Female,63,Donald Trump
1166,Female,61,Donald Trump
1167,Female,52,Donald Trump
1168,Female,63,Joe Biden
1169,Female,55,Donald Trump
1170,Male,62,Someone Else
1171,Female,35,Joe Biden
1172,Female,63,Donald Trump
1173,Female,63,Joe Biden
1174,Female,49,Someone Else
1175,Male,34,Joe Biden
1176,Female,62,Donald Trump
1177,Female,63,Joe Biden
1178,Female,57,Joe Biden
1179,Female,60,Donald Trump
1180,Female,56,Joe Biden
1181,Male,39,Someone Else
1182,Male,63,Donald Trump
1183,Female,62,Donald Trump
1184,Female,56,Joe Biden
1185,Female,47,Joe Biden
1186,Female,63,Joe Biden
1187,Female,56,Joe Biden
1188,Female,64,Joe Biden
1189,Male,70,Donald Trump
1190,Female,76,Donald Trump
1191,Male,57,Joe Biden
1193,Male,58,Donald Trump
1194,Male,63,Donald Trump
1195,Female,65,Joe Biden
1196,Female,51,Joe Biden
1197,Female,61,Donald Trump
1198,Female,64,Joe Biden
1199,Female,49,Joe Biden
1200,Male,41,Someone Else
1201,Male,60,Donald Trump
1202,Male,58,Joe Biden
1203,Female,59,Someone Else
1204,Female,37,Joe Biden
1205,Male,41,Donald Trump
1206,Female,57,Donald Trump
1207,Female,65,Donald Trump
1208,Female,59,Joe Biden
1209,Female,64,Donald Trump
1210,Female,62,Donald Trump
1211,Female,64,Joe Biden
1212,Male,46,Donald Trump
1213,Female,63,Donald Trump
1214,Female,48,Joe Biden
1216,Male,61,Joe Biden
1217,Male,60,Donald Trump
1218,Male,37,Someone Else
1219,Male,38,Joe Biden
1220,Female,60,Joe Biden
1222,Female,55,Someone Else
1223,Female,55,Donald Trump
1224,Female,31,Someone Else
1225,Female,59,Donald Trump
1226,Female,56,Someone Else
1227,Male,63,Donald Trump
1228,Male,63,Joe Biden
1229,Female,55,Joe Biden
1230,Female,43,Joe Biden
1231,Female,33,Donald Trump
1232,Male,64,Donald Trump
1233,Male,62,Joe Biden
1234,Male,42,Joe Biden
1235,Male,48,Donald Trump
1236,Male,38,Joe Biden
1237,Female,49,Joe Biden
1238,Female,53,Joe Biden
1239,Female,59,Someone Else
1241,Male,63,Donald Trump
1242,Male,61,Joe Biden
1243,Female,60,Donald Trump
1244,Male,76,Donald Trump
1245,Male,63,Donald Trump
1246,Male,63,Joe Biden
1247,Male,52,Someone Else
1248,Female,55,Donald Trump
1249,Male,30,Joe Biden
1250,Female,34,Donald Trump
1251,Female,54,Donald Trump
1252,Female,43,Joe Biden
1253,Male,64,Donald Trump
1255,Male,60,Joe Biden
1256,Female,61,Donald Trump
1257,Female,59,Joe Biden
1259,Male,70,Joe Biden
1260,Male,73,Donald Trump
1261,Male,74,Joe Biden
1262,Female,82,Donald Trump
1263,Male,43,Donald Trump
1264,Male,71,Donald Trump
1265,Female,66,Joe Biden
1266,Male,59,Donald Trump
1267,Female,53,Donald Trump
1268,Male,60,Joe Biden
1269,Female,49,Donald Trump
1270,Male,56,Donald Trump
1271,Female,55,Joe Biden
1272,Female,37,Joe Biden
1274,Female,63,Joe Biden
1276,Female,59,Donald Trump
1277,Female,65,Donald Trump
1278,Female,26,Joe Biden
1280,Female,61,Donald Trump
1281,Male,59,Joe Biden
1282,Female,40,Donald Trump
1283,Male,74,Joe Biden
1284,Female,57,Someone Else
1285,Male,60,Joe Biden
1286,Male,55,Donald Trump
1287,Female,58,Donald Trump
1288,Male,44,Joe Biden
1289,Female,76,Donald Trump
1290,Female,62,Donald Trump
1291,Female,56,Donald Trump
1292,Male,77,Joe Biden
1293,Female,58,Joe Biden
1294,Female,59,Donald Trump
1295,Female,67,Joe Biden
1296,Female,71,Joe Biden
1297,Male,52,Donald Trump
1298,Male,70,Joe Biden
1299,Male,47,Joe Biden
1300,Female,48,Someone Else
1301,Female,59,Joe Biden
1302,Female,23,Donald Trump
1303,Female,71,Joe Biden
1304,Male,59,Donald Trump
1305,Female,45,Donald Trump
1306,Female,63,Donald Trump
1307,Male,43,Donald Trump
1308,Male,53,Donald Trump
1309,Female,64,Joe Biden
1310,Male,62,Joe Biden
1311,Female,58,Joe Biden
1312,Female,60,Donald Trump
1313,Female,62,Joe Biden
1314,Male,69,Donald Trump
1316,Male,43,Joe Biden
1317,Male,60,Donald Trump
1318,Female,29,Joe Biden
1319,Male,34,Someone Else
1320,Male,40,Donald Trump
1321,Female,55,Donald Trump
1322,Female,48,Donald Trump
1323,Male,64,Donald Trump
1324,Female,64,Someone Else
1325,Male,59,Donald Trump
1327,Female,25,Donald Trump
1328,Female,60,Donald Trump
1329,Female,57,Joe Biden
1330,Male,57,Donald Trump
1331,Female,58,Joe Biden
1332,Male,71,Donald Trump
1333,Male,61,Donald Trump
1334,Male,58,Donald Trump
1335,Male,63,Joe Biden
1336,Female,43,Joe Biden
1337,Male,55,Someone Else
1338,Male,48,Joe Biden
1339,Female,42,Joe Biden
1340,Female,61,Donald Trump
1341,Male,71,Joe Biden
1342,Male,69,Donald Trump
1343,Male,59,Joe Biden
1344,Female,32,Donald Trump
1345,Female,52,Donald Trump
1347,Male,56,Donald Trump
1348,Male,52,Donald Trump
1349,Female,64,Donald Trump
1350,Male,43,Donald Trump
1351,Female,63,Joe Biden
1352,Female,62,Someone Else
1353,Female,22,Joe Biden
1354,Male,36,Donald Trump
1355,Male,36,Donald Trump
1356,Male,38,Donald Trump
1357,Female,76,Donald Trump
1358,Female,53,Joe Biden
1359,Female,62,Joe Biden
1360,Female,37,Someone Else
1361,Female,74,Donald Trump
1362,Male,30,Joe Biden
1363,Female,60,Donald Trump
1366,Male,30,Joe Biden
1367,Female,51,Someone Else
1368,Female,30,Joe Biden
1369,Female,38,Joe Biden
1370,Female,63,Donald Trump
1371,Male,54,Joe Biden
1372,Female,30,Someone Else
1373,Female,63,Donald Trump
1374,Female,64,Donald Trump
1375,Male,50,Joe Biden
1376,Female,71,Donald Trump
1377,Female,50,Joe Biden
1378,Male,57,Donald Trump
1379,Female,40,Joe Biden
1380,Female,74,Joe Biden
1381,Male,73,Donald Trump
1382,Female,39,Someone Else
1383,Male,35,Someone Else
1384,Male,52,Donald Trump
1385,Male,55,Joe Biden
1387,Female,59,Joe Biden
1388,Female,68,Donald Trump
1389,Male,63,Joe Biden
1390,Female,42,Donald Trump
1391,Male,89,Donald Trump
1392,Male,35,Joe Biden
1393,Male,81,Donald Trump
1394,Female,55,Someone Else
1395,Male,66,Donald Trump
1396,Male,62,Donald Trump
1398,Female,74,Donald Trump
1399,Female,57,Donald Trump
1400,Male,70,Someone Else
1401,Female,67,Donald Trump
1402,Male,59,Joe Biden
1403,Male,56,Donald Trump
1404,Male,63,Someone Else
1405,Female,43,Joe Biden
1406,Female,66,Donald Trump
1407,Female,35,Joe Biden
1408,Male,60,Joe Biden
1409,Female,57,Donald Trump
1410,Male,43,Donald Trump
1411,Male,26,Someone Else
1413,Male,39,Joe Biden
1414,Male,64,Someone Else
1415,Female,56,Donald Trump
1416,Male,44,Joe Biden
1417,Female,62,Donald Trump
1418,Female,64,Joe Biden
1419,Female,72,Joe Biden
1420,Female,37,Joe Biden
1421,Female,86,Joe Biden
1423,Female,41,Joe Biden
1424,Female,57,Donald Trump
1425,Male,69,Donald Trump
1426,Male,54,Donald Trump
1428,Male,42,Joe Biden
1429,Female,51,Joe Biden
1430,Male,68,Someone Else
1431,Male,58,Donald Trump
1432,Female,77,Donald Trump
1433,Female,64,Donald Trump
1434,Male,66,Donald Trump
1435,Male,35,Donald Trump
1436,Male,44,Joe Biden
1437,Female,31,Donald Trump
1438,Male,40,Joe Biden
1439,Male,34,Joe Biden
1440,Male,63,Someone Else
1441,Male,44,Donald Trump
1442,Male,42,Someone Else
1443,Female,62,Donald Trump
1444,Male,30,Joe Biden
1445,Male,30,Someone Else
1446,Female,69,Joe Biden
1447,Female,70,Joe Biden
1449,Male,58,Someone Else
1450,Female,56,Joe Biden
1451,Female,61,Donald Trump
1452,Female,71,Donald Trump
1453,Female,70,Donald Trump
1454,Female,63,Someone Else
1455,Male,35,Donald Trump
1456,Female,67,Donald Trump
1457,Female,64,Joe Biden
1458,Female,39,Someone Else
1459,Female,38,Donald Trump
1460,Female,34,Joe Biden
1461,Female,38,Joe Biden
1462,Male,44,Someone Else
1463,Male,34,Donald Trump
1464,Male,64,Joe Biden
1465,Female,27,Joe Biden
1466,Male,65,Donald Trump
1467,Female,52,Donald Trump
1468,Male,35,Donald Trump
1469,Male,63,Donald Trump
1470,Female,64,Donald Trump
1471,Female,44,Donald Trump
1472,Female,56,Someone Else
1473,Male,72,Donald Trump
1475,Female,59,Joe Biden
1477,Female,69,Donald Trump
1478,Female,73,Joe Biden
1479,Female,32,Donald Trump
1480,Male,73,Joe Biden
1481,Female,56,Donald Trump
1482,Female,60,Joe Biden
1483,Male,66,Donald Trump
1484,Female,56,Someone Else
1485,Female,31,Joe Biden
1486,Male,41,Joe Biden
1487,Female,42,Joe Biden
1488,Female,56,Donald Trump
1489,Female,58,Donald Trump
1490,Female,64,Joe Biden
1491,Female,71,Donald Trump
1492,Female,29,Joe Biden
1493,Male,59,Someone Else
1494,Male,41,Joe Biden
1495,Female,51,Donald Trump
1496,Female,61,Donald Trump
1497,Male,31,Joe Biden
1498,Female,75,Donald Trump
1499,Female,62,Donald Trump
1500,Female,57,Joe Biden
1501,Female,56,Donald Trump
1502,Male,44,Donald Trump
1503,Female,48,Joe Biden
1504,Female,41,Joe Biden
1506,Male,72,Donald Trump
1507,Male,44,Donald Trump
1508,Male,35,Joe Biden
1509,Male,78,Donald Trump
1510,Male,72,Donald Trump
1511,Male,32,Joe Biden
1512,Female,65,Joe Biden
1513,Female,60,Donald Trump
1514,Female,29,Joe Biden
1515,Female,59,Joe Biden
1517,Male,40,Joe Biden
1519,Male,58,Donald Trump
1520,Female,64,Joe Biden
1522,Female,56,Joe Biden
1523,Female,55,Someone Else
1524,Female,35,Joe Biden
1525,Male,32,Donald Trump
1527,Male,63,Donald Trump
1528,Male,42,Donald Trump
1529,Male,30,Donald Trump
1530,Female,56,Donald Trump
1531,Female,59,Joe Biden
1533,Male,72,Joe Biden
1534,Female,60,Donald Trump
1535,Male,70,Donald Trump
1536,Female,33,Someone Else
1537,Female,43,Joe Biden
1538,Female,40,Joe Biden
1539,Female,34,Donald Trump
1540,Male,24,Joe Biden
1541,Female,34,Donald Trump
1542,Female,30,Donald Trump
1543,Female,35,Someone Else
1544,Female,43,Joe Biden
1545,Female,30,Donald Trump
1546,Female,22,Someone Else
1547,Male,59,Donald Trump
1548,Male,60,Donald Trump
1549,Female,39,Joe Biden
1551,Female,32,Someone Else
1552,Female,32,Joe Biden
1553,Female,78,Donald Trump
1554,Female,59,Joe Biden
1555,Female,58,Joe Biden
1556,Female,66,Someone Else
1558,Male,58,Joe Biden
1559,Female,38,Donald Trump
1560,Female,36,Joe Biden
1561,Female,71,Donald Trump
1562,Male,56,Donald Trump
1563,Female,80,Someone Else
1564,Female,69,Joe Biden
1565,Male,35,Donald Trump
1566,Female,48,Donald Trump
1567,Female,81,Donald Trump
1568,Female,22,Joe Biden
1569,Female,58,Donald Trump
1570,Female,61,Joe Biden
1571,Female,64,Donald Trump
1572,Female,53,Joe Biden
1573,Female,33,Joe Biden
1574,Male,43,Donald Trump
1575,Female,53,Joe Biden
1576,Female,62,Donald Trump
1577,Female,44,Donald Trump
1579,Male,42,Joe Biden
1580,Female,33,Joe Biden
1581,Female,63,Donald Trump
1582,Female,29,Joe Biden
1583,Male,39,Donald Trump
1584,Female,27,Joe Biden
1585,Male,61,Donald Trump
1586,Female,27,Someone Else
1587,Female,31,Donald Trump
1588,Female,58,Donald Trump
1589,Male,48,Donald Trump
1590,Female,52,Donald Trump
1591,Female,59,Donald Trump
1592,Female,41,Donald Trump
1593,Female,41,Joe Biden
1594,Male,62,Donald Trump
1595,Female,57,Donald Trump
1596,Female,30,Donald Trump
1597,Female,35,Joe Biden
1598,Female,43,Joe Biden
1599,Female,61,Donald Trump
1600,Female,50,Joe Biden
1601,Female,64,Joe Biden
1602,Female,76,Donald Trump
1603,Female,39,Joe Biden
1604,Male,35,Donald Trump
1605,Female,32,Someone Else
1606,Female,36,Joe Biden
1607,Female,58,Joe Biden
1608,Female,59,Someone Else
1610,Female,35,Joe Biden
1611,Male,41,Joe Biden
1612,Female,55,Donald Trump
1613,Female,61,Joe Biden
1614,Female,67,Donald Trump
1615,Female,36,Donald Trump
1616,Female,74,Joe Biden
1617,Female,63,Donald Trump
1619,Male,41,Joe Biden
1622,Female,68,Joe Biden
1623,Female,43,Joe Biden
1625,Female,62,Donald Trump
1626,Female,62,Joe Biden
1627,Female,33,Joe Biden
1628,Female,30,Joe Biden
1629,Female,44,Joe Biden
1630,Female,35,Joe Biden
1631,Male,29,Joe Biden
1632,Female,74,Donald Trump
1633,Male,34,Donald Trump
1634,Female,50,Joe Biden
1635,Female,31,Donald Trump
1638,Female,42,Joe Biden
1639,Female,57,Joe Biden
1640,Male,53,Joe Biden
1641,Female,63,Joe Biden
1642,Female,64,Joe Biden
1643,Female,58,Donald Trump
1644,Female,62,Joe Biden
1645,Female,64,Donald Trump
1646,Male,44,Donald Trump
1647,Female,55,Someone Else
1648,Female,58,Donald Trump
1649,Male,63,Joe Biden
1650,Female,59,Donald Trump
1651,Female,55,Donald Trump
1652,Female,41,Joe Biden
1653,Female,59,Joe Biden
1654,Male,48,Someone Else
1655,Female,36,Someone Else
1656,Female,26,Someone Else
1657,Male,41,Joe Biden
1658,Female,62,Donald Trump
1659,Female,46,Joe Biden
1660,Female,60,Joe Biden
1661,Female,57,Someone Else
1662,Female,25,Someone Else
1663,Female,37,Donald Trump
1664,Female,44,Donald Trump
1665,Female,32,Joe Biden
1666,Female,44,Joe Biden
1667,Male,57,Donald Trump
1668,Female,68,Joe Biden
1669,Female,36,Joe Biden
1670,Female,72,Donald Trump
1671,Male,56,Donald Trump
1672,Male,61,Donald Trump
1675,Female,26,Joe Biden
1676,Female,72,Joe Biden
1677,Female,70,Joe Biden
1678,Female,90,Joe Biden
1680,Female,36,Donald Trump
1681,Male,38,Joe Biden
1682,Male,53,Joe Biden
1683,Female,36,Joe Biden
1684,Female,44,Joe Biden
1685,Male,61,Donald Trump
1686,Male,37,Donald Trump
1687,Male,43,Donald Trump
1688,Male,33,Donald Trump
1689,Female,73,Joe Biden
1690,Female,35,Donald Trump
1691,Male,50,Donald Trump
1692,Female,42,Joe Biden
1693,Female,39,Joe Biden
1694,Female,41,Joe Biden
1695,Female,28,Joe Biden
1696,Female,35,Donald Trump
1697,Male,47,Donald Trump
1698,Female,41,Joe Biden
1700,Female,36,Someone Else
1701,Male,28,Joe Biden
1702,Female,29,Joe Biden
1703,Male,75,Donald Trump
1704,Male,67,Someone Else
1705,Female,41,Donald Trump
1706,Female,78,Donald Trump
1707,Male,60,Donald Trump
1708,Male,37,Joe Biden
1709,Male,52,Joe Biden
1710,Male,39,Donald Trump
1711,Male,38,Donald Trump
1712,Male,29,Joe Biden
1713,Female,30,Donald Trump
1714,Male,41,Donald Trump
1715,Male,43,Donald Trump
1716,Female,70,Donald Trump
1717,Female,25,Joe Biden
1718,Female,57,Joe Biden
1719,Female,20,Joe Biden
1720,Female,26,Donald Trump
1721,Female,31,Joe Biden
1722,Female,43,Joe Biden
1723,Female,37,Joe Biden
1724,Male,48,Joe Biden
1725,Female,52,Joe Biden
1726,Female,59,Joe Biden
1728,Female,68,Donald Trump
1729,Male,62,Joe Biden
1730,Female,42,Someone Else
1731,Male,62,Joe Biden
1732,Female,44,Donald Trump
1733,Female,35,Donald Trump
1735,Male,45,Joe Biden
1736,Female,38,Donald Trump
1737,Female,43,Joe Biden
1738,Female,54,Joe Biden
1739,Female,54,Joe Biden
1740,Female,43,Someone Else
1741,Male,46,Joe Biden
1742,Female,67,Someone Else
1743,Female,39,Someone Else
1744,Male,57,Joe Biden
1745,Female,36,Donald Trump
1746,Female,42,Donald Trump
1747,Female,34,Joe Biden
1748,Male,44,Joe Biden
1749,Female,35,Donald Trump
1750,Male,21,Joe Biden
1751,Male,62,Donald Trump
1753,Female,51,Joe Biden
1754,Male,35,Joe Biden
1755,Female,28,Donald Trump
1756,Female,25,Someone Else
1757,Male,24,Joe Biden
1758,Female,72,Joe Biden
1759,Male,43,Someone Else
1760,Female,71,Joe Biden
1762,Male,45,Joe Biden
1763,Female,62,Joe Biden
1764,Female,39,Joe Biden
1765,Female,41,Donald Trump
1766,Female,41,Joe Biden
1767,Female,67,Donald Trump
1768,Female,28,Joe Biden
1769,Female,71,Donald Trump
1770,Male,66,Donald Trump
1771,Female,26,Joe Biden
1772,Female,34,Donald Trump
1773,Male,40,Donald Trump
1774,Female,53,Joe Biden
1775,Female,33,Joe Biden
1776,Male,62,Joe Biden
1777,Male,54,Joe Biden
1778,Male,41,Joe Biden
1779,Male,52,Donald Trump
1780,Female,34,Joe Biden
1781,Male,43,Someone Else
1782,Female,38,Someone Else
1783,Female,32,Someone Else
1784,Female,30,Someone Else
1786,Female,63,Someone Else
1788,Male,40,Joe Biden
1789,Female,48,Joe Biden
1790,Female,32,Donald Trump
1791,Female,30,Joe Biden
1792,Female,43,Joe Biden
1793,Male,29,Donald Trump
1794,Male,44,Someone Else
1796,Female,21,Donald Trump
1797,Female,32,Donald Trump
1798,Male,58,Someone Else
1799,Female,38,Donald Trump
1800,Female,43,Donald Trump
1801,Male,61,Donald Trump
1802,Female,43,Joe Biden
1803,Female,31,Donald Trump
1804,Male,31,Donald Trump
1805,Female,39,Joe Biden
1806,Female,68,Donald Trump
1807,Female,41,Someone Else
1808,Male,24,Donald Trump
1809,Female,33,Joe Biden
1810,Female,32,Joe Biden
1811,Female,34,Donald Trump
1812,Female,69,Joe Biden
1814,Male,26,Joe Biden
1815,Female,23,Joe Biden
1816,Female,39,Joe Biden
1817,Male,31,Donald Trump
1818,Female,25,Joe Biden
1819,Female,33,Donald Trump
1820,Male,59,Joe Biden
1822,Female,35,Joe Biden
1823,Male,44,Joe Biden
1824,Male,25,Joe Biden
1825,Female,65,Donald Trump
1826,Male,59,Donald Trump
1827,Male,28,Joe Biden
1828,Female,65,Joe Biden
1829,Male,24,Someone Else
1830,Male,44,Someone Else
1832,Female,34,Joe Biden
1834,Female,54,Joe Biden
1835,Male,29,Joe Biden
1836,Male,53,Donald Trump
1837,Male,37,Someone Else
1840,Female,33,Donald Trump
1841,Male,53,Someone Else
1842,Female,71,Joe Biden
1843,Male,62,Joe Biden
1844,Male,37,Joe Biden
1845,Male,56,Donald Trump
1846,Female,57,Joe Biden
1847,Male,55,Joe Biden
1848,Female,40,Joe Biden
1849,Male,61,Donald Trump
1851,Female,33,Joe Biden
1852,Female,69,Donald Trump
1854,Female,74,Joe Biden
1855,Male,83,Donald Trump
1856,Male,61,Donald Trump
1857,Male,33,Donald Trump
1858,Male,39,Donald Trump
1859,Male,72,Joe Biden
1860,Female,68,Donald Trump
1861,Female,33,Donald Trump
1862,Male,58,Donald Trump
1863,Female,69,Donald Trump
1864,Male,64,Joe Biden
1865,Male,48,Donald Trump
1866,Female,59,Joe Biden
1867,Male,59,Joe Biden
1868,Male,63,Donald Trump
1869,Male,22,Donald Trump
1870,Female,71,Joe Biden
1871,Male,42,Donald Trump
1872,Female,32,Joe Biden
1873,Male,70,Joe Biden
1874,Female,74,Donald Trump
1875,Female,60,Joe Biden
1876,Male,36,Joe Biden
1877,Female,70,Donald Trump
1878,Female,38,Joe Biden
1880,Male,58,Joe Biden
1881,Female,36,Donald Trump
1882,Female,44,Joe Biden
1883,Female,35,Someone Else
1884,Male,54,Donald Trump
1885,Female,71,Joe Biden
1886,Female,29,Someone Else
1887,Male,56,Joe Biden
1888,Male,65,Donald Trump
1889,Female,73,Joe Biden
1890,Female,38,Donald Trump
1891,Male,58,Donald Trump
1892,Male,33,Joe Biden
1893,Male,44,Joe Biden
1894,Male,46,Someone Else
1895,Male,54,Joe Biden
1896,Female,27,Joe Biden
1897,Male,64,Joe Biden
1898,Male,60,Joe Biden
1899,Female,69,Donald Trump
1900,Female,28,Donald Trump
1901,Male,43,Joe Biden
1903,Male,63,Donald Trump
1904,Female,37,Someone Else
1905,Female,56,Donald Trump
1907,Female,42,Donald Trump
1908,Female,32,Donald Trump
1909,Female,66,Joe Biden
1910,Male,55,Donald Trump
1911,Male,79,Donald Trump
1913,Male,57,Donald Trump
1914,Male,63,Donald Trump
1915,Female,67,Joe Biden
1916,Female,23,Someone Else
1917,Female,28,Joe Biden
1918,Male,72,Donald Trump
1920,Male,40,Joe Biden
1921,Male,42,Donald Trump
1922,Male,50,Donald Trump
1923,Female,33,Joe Biden
1924,Female,69,Joe Biden
1925,Female,64,Joe Biden
1926,Female,23,Joe Biden
1927,Female,36,Someone Else
1928,Male,64,Joe Biden
1929,Male,43,Donald Trump
1930,Female,38,Donald Trump
1931,Female,29,Donald Trump
1932,Male,27,Donald Trump
1933,Female,41,Joe Biden
1934,Male,44,Someone Else
1935,Female,61,Joe Biden
1936,Female,40,Joe Biden
1937,Male,58,Donald Trump
1939,Male,43,Joe Biden
1940,Female,20,Someone Else
1941,Male,57,Donald Trump
1942,Female,41,Someone Else
1945,Female,19,Someone Else
1946,Female,41,Donald Trump
1947,Male,56,Joe Biden
1948,Male,58,Donald Trump
1949,Female,34,Donald Trump
1950,Female,39,Donald Trump
1951,Male,19,Donald Trump
1953,Male,50,Donald Trump
1954,Male,59,Donald Trump
1955,Male,61,Donald Trump
1956,Female,68,Joe Biden
1957,Male,39,Joe Biden
1958,Male,64,Joe Biden
1959,Male,26,Donald Trump
1961,Male,59,Joe Biden
1962,Male,55,Donald Trump
1963,Male,76,Donald Trump
1964,Male,31,Donald Trump
1965,Male,76,Donald Trump
1967,Female,40,Donald Trump
1968,Female,44,Joe Biden
1969,Female,25,Joe Biden
1970,Female,67,Donald Trump
1971,Male,75,Donald Trump
1972,Female,26,Joe Biden
1973,Male,56,Donald Trump
1974,Female,39,Donald Trump
1975,Female,79,Donald Trump
1976,Male,62,Joe Biden
1977,Female,42,Someone Else
1981,Female,41,Joe Biden
1983,Female,39,Joe Biden
1984,Male,38,Joe Biden
1985,Male,57,Donald Trump
1986,Female,38,Donald Trump
1988,Male,38,Joe Biden
1990,Male,47,Joe Biden
1993,Female,36,Donald Trump
1994,Female,33,Joe Biden
1996,Male,71,Joe Biden
1997,Female,29,Someone Else
1998,Female,41,Donald Trump
1999,Male,62,Donald Trump
2000,Male,58,Joe Biden
2001,Female,21,Someone Else
2002,Female,22,Joe Biden
2003,Male,48,Joe Biden
2004,Female,30,Someone Else
2005,Female,79,Someone Else
2006,Male,54,Joe Biden
2007,Male,60,Donald Trump
2008,Female,53,Someone Else
2009,Female,60,Joe Biden
2011,Male,43,Donald Trump
2012,Male,70,Someone Else
2013,Female,33,Joe Biden
2014,Male,79,Donald Trump
2015,Male,61,Donald Trump
2016,Female,36,Joe Biden
2017,Female,35,Joe Biden
2018,Male,66,Someone Else
2019,Male,32,Joe Biden
2020,Female,42,Joe Biden
2021,Male,32,Donald Trump
2023,Male,41,Joe Biden
2024,Male,68,Donald Trump
2025,Male,33,Donald Trump
2027,Male,30,Joe Biden
2028,Female,21,Donald Trump
2030,Female,69,Donald Trump
2031,Female,68,Someone Else
2032,Female,76,Donald Trump
2033,Female,79,Joe Biden
2034,Female,68,Donald Trump
2035,Female,82,Donald Trump
2036,Female,73,Joe Biden
2037,Male,40,Someone Else
2038,Female,32,Joe Biden
2039,Male,69,Donald Trump
2040,Male,44,Joe Biden
2041,Female,69,Someone Else
2042,Female,67,Donald Trump
2043,Female,73,Donald Trump
2044,Male,77,Someone Else
2045,Female,65,Donald Trump
2046,Female,70,Donald Trump
2047,Male,65,Joe Biden
2048,Female,74,Donald Trump
2049,Female,74,Donald Trump
2050,Female,85,Donald Trump
2051,Male,64,Joe Biden
2052,Male,45,Joe Biden
2053,Female,65,Donald Trump
2054,Female,40,Donald Trump
2055,Female,68,Joe Biden
2056,Male,48,Someone Else
2057,Male,50,Joe Biden
2058,Male,76,Someone Else
2059,Male,76,Donald Trump
2060,Female,72,Donald Trump
2061,Female,27,Joe Biden
2062,Female,79,Joe Biden
2063,Male,72,Donald Trump
2064,Male,35,Donald Trump
2065,Female,72,Donald Trump
2066,Male,64,Donald Trump
2067,Male,59,Joe Biden
2068,Male,65,Donald Trump
2069,Female,73,Joe Biden
2070,Male,74,Donald Trump
2071,Male,78,Donald Trump
2072,Female,67,Donald Trump
2073,Male,70,Donald Trump
2074,Female,25,Joe Biden
2075,Male,64,Donald Trump
2076,Male,57,Donald Trump
2077,Male,56,Joe Biden
2078,Female,68,Someone Else
2079,Female,65,Joe Biden
2080,Male,54,Joe Biden
2081,Male,67,Donald Trump
2082,Female,56,Joe Biden
2083,Female,85,Joe Biden
2084,Male,70,Joe Biden
2085,Female,68,Joe Biden
2086,Female,86,Donald Trump
2087,Male,71,Joe Biden
2088,Female,79,Joe Biden
2089,Male,59,Donald Trump
2090,Male,65,Joe Biden
2091,Female,72,Donald Trump
2092,Female,75,Joe Biden
2093,Female,75,Donald Trump
2094,Female,71,Joe Biden
2095,Female,35,Someone Else
2096,Male,77,Donald Trump
2097,Male,66,Joe Biden
2098,Female,70,Donald Trump
2099,Male,61,Donald Trump
2100,Female,80,Donald Trump
2101,Male,70,Donald Trump
2102,Female,60,Donald Trump
2103,Female,71,Joe Biden
2104,Female,66,Donald Trump
2105,Female,85,Joe Biden
2106,Male,68,Donald Trump
2107,Female,71,Donald Trump
2108,Female,67,Donald Trump
2109,Male,52,Joe Biden
2110,Female,74,Donald Trump
2111,Male,40,Someone Else
2112,Female,68,Joe Biden
2113,Female,58,Joe Biden
2114,Male,67,Donald Trump
2115,Female,80,Donald Trump
2116,Female,77,Someone Else
2117,Female,85,Donald Trump
2118,Female,83,Someone Else
2119,Male,78,Donald Trump
2120,Male,65,Joe Biden
2121,Female,74,Joe Biden
2122,Male,35,Joe Biden
2123,Male,56,Donald Trump
2125,Female,74,Joe Biden
2127,Male,65,Donald Trump
2128,Female,70,Donald Trump
2129,Male,78,Donald Trump
2130,Female,66,Donald Trump
2131,Male,36,Joe Biden
2132,Male,83,Donald Trump
2133,Male,36,Donald Trump
2134,Male,75,Donald Trump
2135,Male,64,Joe Biden
2136,Male,72,Donald Trump
2137,Female,70,Joe Biden
2138,Male,66,Joe Biden
2139,Male,66,Joe Biden
2140,Male,72,Donald Trump
2141,Female,80,Someone Else
2142,Male,77,Joe Biden
2143,Female,73,Donald Trump
2144,Male,42,Joe Biden
2146,Female,89,Donald Trump
2147,Female,60,Joe Biden
2148,Male,69,Someone Else
2149,Male,69,Donald Trump
2150,Female,31,Someone Else
2151,Male,77,Joe Biden
2152,Male,78,Donald Trump
2153,Male,68,Donald Trump
2154,Male,67,Joe Biden
2155,Male,63,Donald Trump
2156,Female,86,Donald Trump
2157,Female,85,Someone Else
2158,Male,74,Donald Trump
2159,Male,74,Donald Trump
2160,Male,36,Donald Trump
2161,Female,71,Donald Trump
2162,Male,72,Donald Trump
2163,Female,84,Donald Trump
2164,Female,71,Donald Trump
2165,Female,78,Donald Trump
2166,Male,85,Joe Biden
2167,Female,75,Donald Trump
2168,Female,67,Donald Trump
2169,Female,75,Donald Trump
2170,Female,56,Joe Biden
2171,Female,65,Joe Biden
2172,Female,85,Donald Trump
2173,Female,69,Donald Trump
2174,Female,80,Someone Else
2175,Male,72,Donald Trump
2176,Female,82,Donald Trump
2178,Male,68,Donald Trump
2179,Male,82,Joe Biden
2181,Male,65,Joe Biden
2182,Female,84,Joe Biden
2183,Male,43,Someone Else
2185,Female,69,Joe Biden
2186,Male,65,Donald Trump
2187,Male,71,Donald Trump
2188,Male,59,Donald Trump
2189,Male,38,Joe Biden
2191,Male,81,Donald Trump
2192,Male,31,Donald Trump
2193,Male,64,Donald Trump
2194,Male,36,Joe Biden
2195,Male,44,Donald Trump
2197,Male,36,Joe Biden
2198,Male,50,Donald Trump
2199,Female,73,Donald Trump
2200,Female,69,Donald Trump
2201,Male,32,Someone Else
2202,Male,40,Someone Else
2203,Male,64,Donald Trump
2204,Male,59,Donald Trump
2205,Male,54,Donald Trump
2206,Male,34,Joe Biden
2207,Male,21,Joe Biden
2208,Female,30,Donald Trump
2209,Male,57,Donald Trump
2210,Male,64,Joe Biden
2211,Female,20,Joe Biden
2212,Female,35,Joe Biden
2213,Male,64,Someone Else
2214,Female,50,Donald Trump
2215,Female,72,Donald Trump
2216,Male,60,Joe Biden
2217,Male,32,Joe Biden
2218,Male,56,Joe Biden
2219,Male,31,Someone Else
2221,Male,62,Donald Trump
2222,Female,35,Someone Else
2223,Female,22,Donald Trump
2224,Male,35,Someone Else
2225,Male,63,Donald Trump
2226,Male,62,Donald Trump
2227,Male,55,Donald Trump
2228,Female,35,Joe Biden
2229,Female,33,Donald Trump
2230,Female,53,Joe Biden
2231,Male,52,Someone Else
2232,Male,60,Donald Trump
2233,Female,34,Joe Biden
2234,Female,21,Someone Else
2235,Female,32,Joe Biden
2236,Female,34,Someone Else
2237,Female,38,Donald Trump
2238,Male,36,Joe Biden
2240,Female,68,Joe Biden
2241,Female,21,Someone Else
2242,Female,25,Donald Trump
2243,Female,29,Joe Biden
2245,Female,40,Joe Biden
2246,Male,52,Donald Trump
2247,Female,33,Joe Biden
2248,Female,35,Joe Biden
2249,Female,37,Someone Else
2250,Female,75,Joe Biden
2251,Female,38,Joe Biden
2252,Male,64,Donald Trump
2253,Male,36,Joe Biden
2254,Male,37,Donald Trump
2255,Female,33,Joe Biden
2256,Female,42,Joe Biden
2258,Female,72,Donald Trump
2260,Female,61,Someone Else
2261,Female,67,Donald Trump
2262,Male,43,Joe Biden
2263,Female,28,Joe Biden
2264,Female,19,Someone Else
2265,Female,55,Someone Else
2266,Male,27,Joe Biden
2267,Male,37,Donald Trump
2269,Male,38,Joe Biden
2271,Female,29,Someone Else
2272,Male,39,Someone Else
2273,Male,31,Someone Else
2274,Female,33,Joe Biden
2275,Female,64,Donald Trump
2276,Female,42,Donald Trump
2278,Male,44,Joe Biden
2279,Male,26,Someone Else
2281,Female,29,Someone Else
2282,Female,35,Joe Biden
2284,Male,44,Donald Trump
2285,Female,38,Joe Biden
2286,Female,25,Joe Biden
2287,Male,36,Joe Biden
2289,Female,20,Joe Biden
2290,Female,63,Joe Biden
2291,Female,21,Someone Else
2292,Male,55,Joe Biden
2293,Female,29,Donald Trump
2295,Male,39,Donald Trump
2297,Male,33,Joe Biden
2298,Female,20,Joe Biden
2299,Female,29,Joe Biden
2300,Female,33,Joe Biden
2301,Female,59,Joe Biden
2302,Male,63,Someone Else
2303,Male,61,Joe Biden
2304,Male,44,Donald Trump
2305,Male,28,Donald Trump
2307,Male,52,Joe Biden
2308,Male,31,Joe Biden
2309,Female,21,Someone Else
2310,Female,60,Donald Trump
2311,Female,22,Donald Trump
2315,Female,29,Someone Else
2316,Female,28,Joe Biden
2317,Female,31,Someone Else
2318,Female,21,Joe Biden
2319,Female,19,Joe Biden
2320,Male,29,Donald Trump
2321,Female,19,Someone Else
2322,Male,29,Joe Biden
2323,Female,27,Joe Biden
2324,Female,38,Donald Trump
2325,Male,51,Someone Else
2326,Male,41,Donald Trump
2328,Male,34,Joe Biden
2329,Female,29,Donald Trump
2330,Male,27,Joe Biden
2331,Female,21,Joe Biden
2332,Male,50,Joe Biden
2333,Male,37,Someone Else
2334,Female,22,Joe Biden
2335,Female,38,Joe Biden
2336,Male,20,Joe Biden
2337,Male,57,Donald Trump
2338,Male,21,Donald Trump
2339,Male,20,Someone Else
2340,Male,36,Donald Trump
2341,Male,30,Donald Trump
2342,Male,44,Donald Trump
2343,Male,43,Donald Trump
2344,Male,60,Donald Trump
2345,Male,35,Joe Biden
2346,Female,62,Joe Biden
2348,Male,35,Donald Trump
2349,Male,41,Joe Biden
2350,Male,28,Joe Biden
2351,Female,34,Donald Trump
2353,Female,42,Joe Biden
2354,Male,43,Someone Else
2355,Male,34,Joe Biden
2356,Female,29,Someone Else
2357,Male,42,Joe Biden
2358,Male,33,Joe Biden
2359,Male,39,Joe Biden
2360,Male,21,Someone Else
2363,Female,38,Someone Else
2364,Female,32,Joe Biden
2365,Female,38,Joe Biden
2366,Male,34,Joe Biden
2367,Male,40,Joe Biden
2368,Female,29,Joe Biden
2369,Female,24,Someone Else
2370,Female,25,Joe Biden
2372,Female,29,Donald Trump
2373,Male,43,Someone Else
2374,Male,22,Donald Trump
2375,Female,29,Someone Else
2376,Female,26,Joe Biden
2377,Female,45,Donald Trump
2379,Male,21,Joe Biden
2380,Female,34,Donald Trump
2381,Male,43,Donald Trump
2382,Female,32,Donald Trump
2383,Male,24,Donald Trump
2384,Male,20,Joe Biden
2385,Male,30,Donald Trump
2387,Male,42,Joe Biden
2388,Female,42,Joe Biden
2389,Female,31,Donald Trump
2390,Male,28,Joe Biden
2392,Male,44,Donald Trump
2393,Male,19,Joe Biden
2394,Male,32,Joe Biden
2395,Male,20,Someone Else
2396,Female,29,Someone Else
2397,Male,37,Joe Biden
2398,Female,39,Someone Else
2400,Male,38,Donald Trump
2402,Female,31,Someone Else
2403,Male,20,Joe Biden
2405,Male,33,Joe Biden
2406,Female,41,Joe Biden
2407,Male,40,Donald Trump
2409,Male,24,Joe Biden
2410,Female,36,Joe Biden
2411,Male,33,Donald Trump
2412,Male,40,Joe Biden
2413,Male,33,Joe Biden
2414,Female,23,Someone Else
2415,Female,28,Someone Else
2417,Female,43,Joe Biden
2418,Male,20,Donald Trump
2419,Female,28,Donald Trump
2421,Female,26,Donald Trump
2422,Female,29,Joe Biden
2423,Female,26,Donald Trump
2424,Female,34,Joe Biden
2425,Female,27,Someone Else
2426,Male,26,Donald Trump
2427,Female,34,Joe Biden
2428,Female,26,Joe Biden
2429,Male,37,Joe Biden
2430,Male,24,Joe Biden
2432,Male,36,Donald Trump
2433,Female,28,Donald Trump
2434,Male,29,Joe Biden
2435,Male,27,Someone Else
2436,Male,19,Donald Trump
2437,Female,19,Joe Biden
2438,Female,42,Joe Biden
2439,Male,34,Joe Biden
2440,Male,42,Donald Trump
2441,Female,26,Joe Biden
2442,Male,92,Donald Trump
2443,Male,43,Someone Else
2444,Male,36,Donald Trump
2445,Male,37,Joe Biden
2446,Male,37,Donald Trump
2447,Female,28,Joe Biden
2448,Female,20,Donald Trump
2449,Male,30,Someone Else
2450,Male,27,Joe Biden
2451,Male,33,Joe Biden
2452,Male,20,Donald Trump
2453,Female,24,Donald Trump
2454,Male,41,Someone Else
2455,Male,34,Someone Else
2456,Female,20,Joe Biden
2457,Male,39,Donald Trump
2458,Male,42,Joe Biden
2459,Male,42,Donald Trump
2460,Male,42,Donald Trump
2461,Male,28,Joe Biden
2463,Male,22,Joe Biden
2464,Male,23,Joe Biden
2466,Male,37,Joe Biden
2467,Female,44,Joe Biden
2469,Male,27,Joe Biden
2470,Female,35,Donald Trump
2471,Female,27,Joe Biden
2473,Female,20,Joe Biden
2474,Female,38,Joe Biden
2476,Male,71,Donald Trump
2477,Male,19,Someone Else
2480,Female,26,Joe Biden
2482,Female,38,Someone Else
2484,Female,28,Someone Else
2485,Male,27,Donald Trump
2486,Female,28,Joe Biden
2487,Female,23,Someone Else
2488,Female,21,Someone Else
2490,Female,38,Joe Biden
2491,Female,38,Someone Else
2493,Female,28,Joe Biden
2494,Male,32,Donald Trump
2495,Female,34,Joe Biden
2496,Male,25,Joe Biden
2497,Male,26,Joe Biden
2498,Female,35,Joe Biden
2501,Male,37,Someone Else
2502,Male,33,Donald Trump
2503,Female,40,Joe Biden
2504,Female,41,Joe Biden
2505,Female,37,Joe Biden
2506,Female,29,Donald Trump
2507,Male,25,Joe Biden
2508,Male,34,Joe Biden
2509,Male,23,Joe Biden
2510,Female,26,Donald Trump
2511,Female,43,Joe Biden
2512,Female,41,Joe Biden
2514,Female,20,Joe Biden
2515,Male,24,Donald Trump
2516,Male,34,Joe Biden
2517,Female,40,Joe Biden
2518,Female,31,Joe Biden
2520,Female,27,Joe Biden
2521,Female,29,Joe Biden
2522,Male,19,Joe Biden
2523,Male,40,Donald Trump
2524,Female,27,Joe Biden
2525,Female,25,Joe Biden
2526,Female,42,Joe Biden
2527,Female,27,Joe Biden
2528,Female,43,Joe Biden
2529,Male,43,Joe Biden
2532,Male,34,Joe Biden
2533,Male,22,Joe Biden
2536,Male,27,Joe Biden
2537,Female,23,Donald Trump
2538,Male,19,Someone Else
2539,Female,19,Joe Biden
2541,Male,35,Joe Biden
2542,Female,33,Someone Else
2543,Female,29,Joe Biden
2544,Female,21,Joe Biden
2545,Male,31,Someone Else
2546,Male,34,Donald Trump
2548,Male,44,Joe Biden
2550,Female,29,Someone Else
2553,Female,23,Someone Else
2554,Male,21,Donald Trump
2556,Female,23,Joe Biden
2559,Male,29,Joe Biden
2560,Male,21,Donald Trump
2561,Male,38,Donald Trump
2562,Female,27,Donald Trump
2563,Female,24,Joe Biden
2565,Male,20,Donald Trump
2566,Male,26,Joe Biden
2567,Male,20,Joe Biden
2568,Male,34,Joe Biden
2571,Male,31,Joe Biden
2574,Female,25,Joe Biden
2575,Male,36,Donald Trump
2578,Female,28,Joe Biden
2579,Female,21,Joe Biden
2580,Female,27,Donald Trump
2582,Female,34,Joe Biden
2584,Male,29,Joe Biden
2585,Female,28,Donald Trump
2586,Female,29,Joe Biden
2587,Male,27,Joe Biden
2588,Male,46,Joe Biden
2589,Female,21,Someone Else
2590,Female,57,Donald Trump
2591,Male,20,Joe Biden
2593,Female,21,Joe Biden
2596,Male,28,Donald Trump
2598,Male,26,Joe Biden
2599,Male,38,Joe Biden
2600,Male,27,Joe Biden
2601,Female,20,Joe Biden
2606,Female,19,Someone Else
2607,Female,19,Donald Trump
2609,Female,26,Someone Else
2610,Female,47,Joe Biden
2611,Female,28,Joe Biden
2612,Female,26,Someone Else
2613,Female,26,Joe Biden
2614,Female,28,Donald Trump
2615,Male,32,Donald Trump
2616,Female,28,Joe Biden
2617,Male,20,Someone Else
2618,Male,57,Joe Biden
2619,Female,27,Joe Biden
2621,Male,31,Donald Trump
2622,Female,27,Donald Trump
2623,Female,24,Joe Biden
2624,Female,19,Donald Trump
2625,Female,19,Donald Trump
2626,Male,19,Donald Trump
2627,Male,32,Joe Biden
2628,Female,19,Joe Biden
2629,Female,27,Joe Biden
2630,Female,32,Joe Biden
2631,Male,19,Joe Biden
2633,Female,29,Joe Biden
2634,Male,33,Donald Trump
2635,Male,38,Donald Trump
2636,Male,40,Donald Trump
2637,Male,22,Joe Biden
2638,Female,22,Donald Trump
2639,Female,29,Donald Trump
2640,Female,19,Donald Trump
2641,Male,43,Joe Biden
2642,Male,22,Someone Else
2644,Female,20,Donald Trump
2645,Female,29,Someone Else
2646,Male,41,Joe Biden
2647,Female,26,Donald Trump
2649,Male,25,Donald Trump
2650,Male,21,Joe Biden
2651,Male,21,Donald Trump
2652,Male,27,Joe Biden
2653,Female,28,Joe Biden
2654,Male,19,Joe Biden
2655,Male,25,Joe Biden
2656,Female,21,Joe Biden
2657,Female,28,Joe Biden
2658,Male,29,Someone Else
2660,Female,28,Someone Else
2661,Female,25,Joe Biden
2662,Female,24,Someone Else
2663,Male,49,Donald Trump
2664,Male,34,Someone Else
2665,Female,25,Joe Biden
2666,Female,27,Donald Trump
2667,Female,25,Donald Trump
2668,Male,19,Joe Biden
2669,Male,28,Joe Biden
2670,Female,41,Joe Biden
2671,Male,46,Joe Biden
2672,Male,33,Donald Trump
2673,Male,24,Someone Else
2674,Male,28,Joe Biden
2675,Female,27,Donald Trump
2678,Male,19,Joe Biden
2680,Female,24,Joe Biden
2682,Female,27,Someone Else
2683,Female,24,Joe Biden
2685,Male,29,Joe Biden
2686,Female,23,Donald Trump
2688,Male,36,Someone Else
2689,Male,22,Joe Biden
2691,Female,25,Joe Biden
2693,Female,27,Donald Trump
2694,Female,26,Someone Else
2696,Female,29,Joe Biden
2697,Female,40,Joe Biden
2698,Female,29,Donald Trump
2699,Male,19,Joe Biden
2700,Male,29,Joe Biden
2701,Male,21,Joe Biden
2702,Male,29,Joe Biden
2703,Female,28,Joe Biden
2704,Male,41,Joe Biden
2705,Male,32,Donald Trump
2707,Male,60,Joe Biden
2708,Male,19,Donald Trump
2709,Male,36,Donald Trump
2710,Male,63,Joe Biden
2711,Female,60,Joe Biden
2712,Female,68,Donald Trump
2713,Male,20,Joe Biden
2714,Male,27,Joe Biden
2715,Male,41,Donald Trump
2716,Female,42,Joe Biden
2717,Female,19,Donald Trump
2718,Male,22,Donald Trump
2719,Male,59,Joe Biden
2720,Female,26,Joe Biden
2722,Male,29,Joe Biden
2724,Female,23,Someone Else
2725,Male,24,Joe Biden
2726,Male,28,Joe Biden
2727,Male,21,Donald Trump
2728,Male,27,Joe Biden
2729,Female,74,Joe Biden
2730,Male,53,Joe Biden
2731,Female,23,Someone Else
2732,Male,38,Donald Trump
2733,Male,37,Joe Biden
2734,Female,29,Donald Trump
2735,Female,38,Donald Trump
2736,Female,58,Joe Biden
2738,Female,25,Donald Trump
2739,Male,39,Joe Biden
2740,Female,26,Joe Biden
2741,Female,84,Donald Trump
2743,Male,57,Donald Trump
2744,Male,43,Joe Biden
2746,Female,28,Donald Trump
2747,Male,44,Someone Else
2748,Male,27,Joe Biden
2749,Male,34,Donald Trump
2751,Male,30,Joe Biden
2753,Female,22,Someone Else
2754,Male,42,Someone Else
2755,Female,52,Joe Biden
2756,Male,25,Donald Trump
2758,Female,38,Donald Trump
2759,Male,25,Donald Trump
2760,Female,55,Donald Trump
2761,Male,24,Someone Else
2762,Male,19,Joe Biden
2765,Female,22,Someone Else
2766,Female,78,Donald Trump
2768,Male,33,Joe Biden
2769,Male,35,Donald Trump
2770,Male,33,Donald Trump
2771,Female,23,Joe Biden
2772,Male,65,Joe Biden
2773,Male,34,Donald Trump
2774,Male,31,Donald Trump
2775,Female,55,Joe Biden
2776,Male,38,Someone Else
2777,Female,34,Donald Trump
2778,Male,73,Joe Biden
2779,Male,69,Donald Trump
2780,Male,42,Joe Biden
2781,Male,64,Joe Biden
2782,Female,50,Joe Biden
2784,Female,32,Donald Trump
2785,Female,59,Donald Trump
2786,Male,35,Joe Biden
2787,Female,40,Donald Trump
2788,Female,30,Donald Trump
2790,Female,40,Donald Trump
2791,Male,56,Donald Trump
2792,Male,41,Joe Biden
2793,Male,22,Donald Trump
2794,Male,59,Joe Biden
2795,Male,58,Joe Biden
2796,Female,29,Someone Else
2797,Male,69,Joe Biden
2798,Female,27,Joe Biden
2799,Female,73,Donald Trump
2800,Male,31,Donald Trump
2801,Male,19,Someone Else
2802,Female,63,Someone Else
2803,Female,22,Someone Else
2804,Female,33,Joe Biden
2805,Female,71,Donald Trump
2806,Male,51,Joe Biden
2807,Female,27,Donald Trump
2808,Female,26,Joe Biden
2809,Female,35,Donald Trump
2810,Female,29,Donald Trump
2811,Male,19,Joe Biden
2812,Female,33,Donald Trump
2813,Male,23,Someone Else
2814,Male,28,Someone Else
2815,Male,82,Joe Biden
2816,Male,41,Joe Biden
2817,Male,23,Joe Biden
2818,Male,56,Joe Biden
2819,Female,29,Donald Trump
2820,Male,71,Joe Biden
2821,Male,49,Joe Biden
2822,Male,65,Someone Else
2823,Female,67,Joe Biden
2824,Female,36,Donald Trump
2826,Male,22,Donald Trump
2827,Female,71,Donald Trump
2828,Male,36,Donald Trump
2830,Male,20,Someone Else
2831,Female,33,Donald Trump
2832,Female,32,Someone Else
2833,Female,67,Donald Trump
2834,Male,40,Joe Biden
2835,Female,36,Donald Trump
2836,Male,67,Someone Else
2839,Female,70,Joe Biden
2840,Male,67,Someone Else
2841,Male,36,Joe Biden
2842,Female,41,Donald Trump
2843,Female,74,Joe Biden
2844,Female,63,Joe Biden
2845,Female,31,Joe Biden
2846,Male,43,Joe Biden
2847,Female,35,Someone Else
2848,Male,33,Someone Else
2849,Female,43,Joe Biden
2850,Female,72,Joe Biden
2852,Female,76,Joe Biden
2853,Male,69,Joe Biden
2854,Female,26,Joe Biden
2856,Female,81,Joe Biden
2857,Female,78,Donald Trump
2858,Female,69,Joe Biden
2859,Male,50,Donald Trump
2860,Female,33,Someone Else
2861,Male,47,Joe Biden
2862,Male,37,Joe Biden
2863,Male,44,Donald Trump
2864,Male,45,Donald Trump
2865,Male,61,Joe Biden
2866,Male,61,Donald Trump
2867,Male,34,Donald Trump
2868,Male,22,Joe Biden
2869,Male,63,Donald Trump
2870,Male,39,Donald Trump
2871,Male,43,Joe Biden
2872,Female,64,Donald Trump
2873,Female,29,Joe Biden
2874,Male,52,Joe Biden
2875,Male,57,Joe Biden
2876,Male,26,Someone Else
2877,Female,40,Donald Trump
2878,Female,58,Donald Trump
2879,Female,59,Donald Trump
2880,Female,64,Donald Trump
2881,Female,74,Donald Trump
2883,Female,40,Someone Else
2884,Male,40,Joe Biden
2885,Female,38,Joe Biden
2886,Male,60,Joe Biden
2887,Female,34,Joe Biden
2888,Male,50,Joe Biden
2889,Female,43,Joe Biden
2890,Female,40,Someone Else
2891,Male,25,Joe Biden
2892,Male,24,Joe Biden
2893,Male,57,Joe Biden
2895,Female,39,Donald Trump
2896,Female,34,Donald Trump
2897,Female,51,Joe Biden
2898,Female,59,Joe Biden
2899,Male,29,Joe Biden
2900,Female,38,Donald Trump
2901,Male,44,Joe Biden
2902,Female,51,Joe Biden
2903,Female,44,Donald Trump
2904,Female,76,Joe Biden
2905,Male,30,Donald Trump
2906,Female,80,Joe Biden
2907,Male,52,Donald Trump
2909,Male,52,Donald Trump
2910,Male,59,Donald Trump
2911,Female,47,Joe Biden
2913,Female,69,Someone Else
2914,Male,73,Donald Trump
2915,Female,72,Donald Trump
2916,Female,71,Donald Trump
2917,Male,42,Donald Trump
2918,Male,30,Donald Trump
2919,Female,66,Joe Biden
2921,Male,61,Donald Trump
2922,Female,63,Joe Biden
2923,Female,24,Donald Trump
2924,Female,26,Someone Else
2926,Female,31,Someone Else
2927,Female,78,Joe Biden
2928,Female,56,Joe Biden
2929,Female,36,Joe Biden
2930,Male,26,Joe Biden
2931,Male,52,Joe Biden
2932,Female,72,Donald Trump
2933,Male,49,Donald Trump
2934,Male,54,Joe Biden
2935,Female,70,Someone Else
2936,Female,82,Donald Trump
2937,Male,26,Joe Biden
2938,Male,40,Joe Biden
2939,Female,77,Donald Trump
2940,Male,32,Donald Trump
2941,Male,35,Joe Biden
2942,Male,47,Someone Else
2943,Female,72,Joe Biden
2944,Female,47,Joe Biden
2945,Male,56,Donald Trump
2946,Male,19,Someone Else
2947,Male,26,Someone Else
2948,Male,22,Someone Else
2949,Female,43,Someone Else
2950,Female,23,Someone Else
2951,Male,26,Donald Trump
2952,Male,49,Someone Else
2953,Female,44,Joe Biden
2954,Male,63,Joe Biden
2955,Female,27,Someone Else
2956,Female,54,Donald Trump
2957,Female,54,Someone Else
2958,Female,42,Donald Trump
2959,Male,70,Donald Trump
2960,Female,85,Donald Trump
2961,Female,30,Donald Trump
2962,Male,42,Donald Trump
2963,Female,58,Joe Biden
2964,Male,19,Donald Trump
2965,Male,64,Someone Else
2966,Female,27,Donald Trump
2968,Female,24,Joe Biden
2969,Female,52,Joe Biden
2970,Female,35,Donald Trump
2971,Male,41,Joe Biden
2972,Male,22,Joe Biden
2973,Male,62,Donald Trump
2974,Male,72,Donald Trump
2975,Male,28,Joe Biden
2976,Male,64,Donald Trump
2977,Male,28,Joe Biden
2978,Male,55,Donald Trump
2979,Male,24,Donald Trump
2981,Female,65,Someone Else
2983,Male,35,Joe Biden
2984,Female,31,Joe Biden
2985,Female,47,Joe Biden
2986,Male,51,Donald Trump
2987,Female,37,Joe Biden
2988,Female,39,Joe Biden
2989,Male,38,Donald Trump
2990,Female,65,Joe Biden
2991,Male,23,Joe Biden
2992,Female,40,Someone Else
2993,Male,54,Donald Trump
2994,Male,29,Donald Trump
2995,Male,33,Joe Biden
2997,Female,38,Joe Biden
2998,Male,59,Joe Biden
2999,Male,44,Donald Trump
3000,Male,47,Joe Biden
3001,Male,67,Joe Biden
3002,Male,41,Someone Else
3003,Male,62,Joe Biden
3004,Male,30,Donald Trump
3005,Male,82,Donald Trump
3006,Male,71,Joe Biden
3007,Male,57,Donald Trump
3008,Male,50,Someone Else
3009,Female,25,Joe Biden
3010,Male,76,Donald Trump
3011,Male,67,Joe Biden
3012,Male,57,Joe Biden
3013,Male,72,Someone Else
3014,Male,71,Donald Trump
3015,Male,56,Someone Else
3016,Male,29,Joe Biden
3017,Male,58,Joe Biden
3018,Male,48,Someone Else
3019,Male,49,Joe Biden
3021,Male,70,Donald Trump
3022,Male,64,Joe Biden
3023,Male,32,Joe Biden
3024,Male,57,Joe Biden
3025,Male,82,Donald Trump
3026,Male,59,Joe Biden
3027,Male,70,Joe Biden
3028,Male,63,Joe Biden
3029,Male,54,Joe Biden
3030,Male,68,Joe Biden
3031,Male,28,Joe Biden
3032,Male,63,Joe Biden
3033,Male,73,Donald Trump
3034,Male,40,Someone Else
3035,Male,66,Donald Trump
3036,Male,29,Donald Trump
3037,Male,79,Donald Trump
3038,Male,53,Joe Biden
3040,Male,62,Donald Trump
3041,Male,55,Joe Biden
3042,Male,82,Donald Trump
3043,Male,58,Joe Biden
3044,Male,57,Donald Trump
3045,Male,69,Joe Biden
3046,Male,41,Donald Trump
3047,Male,25,Someone Else
3048,Male,41,Joe Biden
3049,Male,47,Joe Biden
3050,Male,80,Donald Trump
3051,Male,68,Donald Trump
3052,Male,72,Donald Trump
3053,Male,48,Donald Trump
3054,Male,58,Joe Biden
3056,Male,55,Donald Trump
3057,Male,66,Joe Biden
3059,Male,25,Donald Trump
3060,Male,35,Donald Trump
3061,Male,63,Donald Trump
3062,Male,60,Joe Biden
3063,Male,61,Donald Trump
3064,Male,62,Joe Biden
3065,Male,52,Joe Biden
3067,Male,77,Joe Biden
3068,Male,71,Donald Trump
3069,Male,50,Donald Trump
3070,Male,36,Joe Biden
3071,Male,50,Joe Biden
3072,Male,40,Someone Else
3073,Male,57,Joe Biden
3074,Male,78,Donald Trump
3075,Male,55,Donald Trump
3076,Male,33,Joe Biden
3077,Male,53,Donald Trump
3078,Male,59,Donald Trump
3079,Male,69,Joe Biden
3080,Male,34,Joe Biden
3081,Male,53,Someone Else
3082,Male,77,Donald Trump
3083,Male,74,Donald Trump
3084,Male,53,Donald Trump
3085,Male,56,Joe Biden
3086,Male,56,Donald Trump
3087,Male,65,Donald Trump
3088,Male,81,Donald Trump
3089,Male,63,Joe Biden
3090,Male,66,Joe Biden
3091,Male,40,Joe Biden
3092,Male,49,Someone Else
3093,Male,63,Donald Trump
3094,Male,72,Donald Trump
3095,Male,21,Joe Biden
3096,Male,53,Someone Else
3097,Male,72,Donald Trump
3098,Male,67,Joe Biden
3099,Male,38,Donald Trump
3100,Male,83,Joe Biden
3101,Male,44,Joe Biden
3102,Male,26,Joe Biden
3103,Male,64,Joe Biden
3104,Male,75,Joe Biden
3105,Male,80,Donald Trump
3106,Male,42,Donald Trump
3107,Male,39,Joe Biden
3108,Male,53,Joe Biden
3109,Male,82,Joe Biden
3110,Male,66,Donald Trump
3111,Male,66,Joe Biden
3112,Male,73,Donald Trump
3114,Male,68,Joe Biden
3115,Male,68,Donald Trump
3116,Male,72,Joe Biden
3117,Male,71,Joe Biden
3118,Male,70,Joe Biden
3119,Male,66,Donald Trump
3120,Male,31,Donald Trump
3121,Male,58,Donald Trump
3122,Male,76,Joe Biden
3123,Male,75,Donald Trump
3124,Male,57,Donald Trump
3125,Male,38,Donald Trump
3126,Male,70,Donald Trump
3127,Male,44,Someone Else
3128,Male,43,Joe Biden
3129,Male,67,Donald Trump
3130,Male,58,Donald Trump
3131,Male,64,Donald Trump
3132,Male,75,Joe Biden
3133,Male,58,Joe Biden
3134,Male,69,Joe Biden
3135,Male,57,Joe Biden
3136,Male,67,Donald Trump
3137,Male,69,Joe Biden
3138,Male,70,Donald Trump
3139,Male,72,Joe Biden
3140,Male,64,Donald Trump
3141,Male,40,Donald Trump
3142,Male,31,Joe Biden
3143,Male,76,Donald Trump
3145,Male,66,Donald Trump
3146,Male,30,Donald Trump
3147,Male,24,Joe Biden
3149,Male,59,Joe Biden
3150,Male,56,Joe Biden
3151,Male,58,Donald Trump
3152,Male,66,Joe Biden
3153,Male,66,Donald Trump
3154,Male,80,Joe Biden
3155,Male,41,Joe Biden
3156,Male,40,Donald Trump
3157,Male,39,Joe Biden
3158,Male,52,Donald Trump
3159,Male,66,Donald Trump
3160,Male,76,Donald Trump
3161,Male,71,Donald Trump
3162,Male,23,Someone Else
3164,Male,59,Joe Biden
3165,Male,59,Joe Biden
